image,algorithm,payload_size,attack_category,attack_name,attack_params,mse,rmse,psnr,ssim,aad,nad,ncc_image,ber,ncc_secret,payload_recovered,embedded_payload,extracted_payload
picsum_color_000.jpg,example_lsb,969,capacity,max_text_length,max_bound=1000,0.004895528157552083,0.06996805097722876,71.23280808030734,0.9999691070039436,0.004895528157552083,2.889470618962132e-05,0.9999994386895108,0.0,1.0,True,<Payload of length 969>,<Extracted length 969>
picsum_color_001.jpg,example_lsb,969,capacity,max_text_length,max_bound=1000,0.004941304524739583,0.0702944131829805,71.1923874127547,0.9999834174771483,0.004941304524739583,5.3750495456188174e-05,0.9999994032511315,0.0,1.0,True,<Payload of length 969>,<Extracted length 969>
picsum_color_002.jpg,example_lsb,969,capacity,max_text_length,max_bound=1000,0.004923502604166667,0.07016767492347646,71.20806188902878,0.9999687457562448,0.004923502604166667,3.8678123582378595e-05,0.9999989052916896,0.0,1.0,True,<Payload of length 969>,<Extracted length 969>
picsum_color_003.jpg,example_lsb,969,capacity,max_text_length,max_bound=1000,0.004934946695963542,0.0702491757671472,71.1979789479922,0.9999806067413948,0.004934946695963542,8.019654828766214e-05,0.9999963598398012,0.0,1.0,True,<Payload of length 969>,<Extracted length 969>
picsum_color_004.jpg,example_lsb,969,capacity,max_text_length,max_bound=1000,0.004908243815104167,0.0700588596474719,71.22154232867479,0.999969458913979,0.004908243815104167,4.971778267396326e-05,0.9999995996280922,0.0,1.0,True,<Payload of length 969>,<Extracted length 969>
