algorithm,attack_category,avg_ssim,avg_psnr,avg_ber,recovery_rate,distortion_score,robustness_score,overall_score,images_tested
example_lsb,compression,0.9202961797278981,37.30811881882077,0.49162638445814666,0.0,81.72885139977363,0.0,32.691540559909456,180
example_lsb,noise,0.3574856694995333,18.807091728313324,0.39024633794675034,0.037037037037037035,25.02399686496733,60.97536620532497,46.59481846918192,135
example_lsb,filtering,0.8955999899692892,33.12293557043835,0.47913421184939486,0.0,75.81493486828859,0.0,30.325973947315436,165
example_lsb,geometric,0.6582832183818361,26.681268820838728,0.45434553037954906,0.0625,52.76109410756726,54.565446962045094,53.84370582025396,240
example_lsb,capacity,0.9999742671785421,71.21055573175155,0.0,1.0,99.99819870249794,100.0,99.99927948099918,5
